{"cameraMode":{"drawMode":0,"name":"Shaded","section":"Shading Mode"},"sceneLighting":false,"audioPlay":false,"sceneViewState":{"showFog":true,"showMaterialUpdate":false,"showSkybox":false,"showFlares":true,"showImageEffects":true,"showParticleSystems":true},"in2DMode":false,"pivot":{"x":1.2792062759399415,"y":-0.9697152376174927,"z":5.1742658615112309},"rotation":{"x":-0.0006669332506135106,"y":0.8310459852218628,"z":-0.5562024712562561,"w":-0.0009964992059394718},"size":7.071067810058594,"orthographic":false}